﻿<?xml version="1.0" encoding="UTF-8"?>
<Defs>
   <AlienRace.thingDef_AlienRace ParentName="BasePawn">
      <defName>race_drake</defName>
      <label>Drake</label>
      <description>A race of floating psychic serpents whose semblance evokes ancient legends. They possess an intense innate sensitivity to psychics and the instinctive drive to affect the psychic field without conscious effort. 

Few could answer to the nature of their origins, some speculating them to be an ancient living weapon. Some still question the scope of the creature's intelligence, regarding their feral dispositions as pre-sapient in nature.

Flight seems to come effortlessly to them in the form of a psychic anti-gravitational force. The spade-ended tendrils beneath are seldom used for locomotion, instead reserved for intelligent manipulation and as deadly serrated weapons.</description>
	  <uiIconPath>Things/Pawn/Humanlike/UI/IconHuman</uiIconPath>
	  
      <alienRace>
         <generalSettings>
            <alienPartGenerator>
               <alienbodytypes>
                  <li>Male</li>
               </alienbodytypes>
               <useGenderedHeads>false</useGenderedHeads>
           
               <useGenderedBodies>false</useGenderedBodies>
				<headOffset>(-0.05, -0.35)</headOffset>
               <customDrawSize>(1.5, 1.5)</customDrawSize>
               <customHeadDrawSize>(1.5, 1.5)</customHeadDrawSize>
               <customPortraitDrawSize>(1.1, 1.1)</customPortraitDrawSize>
               <customPortraitHeadDrawSize>(1.1, 1.1)</customPortraitHeadDrawSize>
			   <alienskincolorgen Class="ColorGenerator_Options">
                <options>
                    <li>
                        <weight>10</weight>
                        <only>RGBA(0.43,0.14,0.14,1)</only>
                    </li>
                    <li>
                        <weight>5</weight>
                        <only>RGBA(0.32,0.03,0.03,1)</only>
                    </li>
                    <li>
                        <weight>15</weight>
                        <only>RGBA(0.43,0.43,0.18,1)</only>
                    </li>
					<li>
                        <weight>15</weight>
                        <only>RGBA(0.33,0.19,0.10,1)</only>
                    </li>
					<li>
                        <weight>3</weight>
                        <only>RGBA(0.30,0.12,0.20,1)</only>
                    </li>
					<li>
                        <weight>25</weight>
                        <only>RGBA(0.8,0.73,0.56,1)</only>
                    </li>
					<li>
                        <weight>2</weight>
                        <only>RGBA(0.29,0.73,0.56,1)</only>
                    </li>
                </options>
            </alienskincolorgen>
            </alienPartGenerator>
         </generalSettings>
		<graphicPaths>
			<li>
				<body>DrakePawn/Body/</body>
				<head>DrakePawn/Head/</head>
			</li>
		</graphicPaths>
		<raceRestriction>
			<whiteWeaponList>
				<li>Weapon_GrenadeFrag</li>
				<li>Weapon_GrenadeMolotov</li>
				<li>Weapon_GrenadeEMP</li>
				<li>Pila</li>
			</whiteWeaponList>
			<onlyUseRaceRestrictedApparel>true</onlyUseRaceRestrictedApparel>
			<onlyUseRaceRestrictedWeapons>true</onlyUseRaceRestrictedWeapons>
        </raceRestriction>
        <hairSettings>
		<hasHair>false</hasHair>
        </hairSettings>
		<thoughtSettings>
				<cannotReceiveThoughtsAtAll>false</cannotReceiveThoughtsAtAll>
				<cannotReceiveThoughts>
					<li>NeedComfort</li>
					<li>Naked</li>
					<li>SleptOnGround</li>
					<li>AteRawFood</li>
					<li>AteKibble</li>
					<li>AteCorpse</li>
					<li>AteHumanlikeMeatDirect</li>
					<li>AteHumanlikeMeatAsIngredient</li>
					<li>AteInsectMeatDirect</li>
					<li>AteInsectMeatAsIngredient</li>
					<li>ButcheredHumanlikeCorpse</li>
					<li>KnowButcheredHumanlikeCorpse</li>
					<li>ObservedLayingCorpse</li>
				</cannotReceiveThoughts>
			</thoughtSettings>
      </alienRace>
	  <statBases>
		<LeatherAmount>125</LeatherAmount>
		<MarketValue>2000</MarketValue>
		<GlobalLearningFactor>1.6</GlobalLearningFactor>
	  	<ComfyTemperatureMin>-6</ComfyTemperatureMin>
		<ComfyTemperatureMax>43</ComfyTemperatureMax>
		<MoveSpeed>5.00</MoveSpeed>
		<ArmorRating_Blunt>0.20</ArmorRating_Blunt>
		<ArmorRating_Sharp>0.30</ArmorRating_Sharp>
		<PsychicSensitivity>2</PsychicSensitivity>
		<WorkSpeedGlobal>0.7</WorkSpeedGlobal>
	  </statBases>
      <race>
	  <makesFootprints>false</makesFootprints>
	  <thinkTreeMain>Humanlike</thinkTreeMain>
			<thinkTreeConstant>HumanlikeConstant</thinkTreeConstant>
			<intelligence>Humanlike</intelligence>
         <lifeExpectancy>40</lifeExpectancy>
         <baseHungerRate>1.5</baseHungerRate>
		 <leatherDef>Leather_Lizard</leatherDef>
		 <body>drakebody</body>
         <foodType>CarnivoreAnimal</foodType>
		 <nameCategory>HumanStandard</nameCategory>
		 
			<lifeStageAges>
                <li>
                    <def>HumanlikeBaby</def>
                    <minAge>0</minAge>
				</li>
                <li>
                    <def>HumanlikeToddler</def>
                    <minAge>0.5</minAge>
				</li>
                <li>
                    <def>HumanlikeChild</def>
                    <minAge>3</minAge>
				</li>
                <li>
                    <def>HumanlikeTeenager</def>
                    <minAge>5</minAge>
					<soundWounded>Pawn_Cobra_Wounded</soundWounded>
					<soundDeath>Pawn_Cobra_Death</soundDeath>
				</li>
                <li>
                    <def>HumanlikeAdult</def>
                    <minAge>9</minAge>
					<soundWounded>Pawn_Cobra_Wounded</soundWounded>
					<soundDeath>Pawn_Cobra_Death</soundDeath>
				</li>
			</lifeStageAges>
         <ageGenerationCurve>
            <points>
               <li>(7,0)</li>
               <li>(13,100)</li>
               <li>(30,0)</li>
			   <li>(5000,0)</li>
            </points>
			</ageGenerationCurve>
			<soundMeleeHitPawn>Pawn_Melee_MechanoidSlash_HitPawn</soundMeleeHitPawn>
			<soundMeleeHitBuilding>Pawn_Melee_Punch_HitBuilding</soundMeleeHitBuilding>
			<soundMeleeMiss>Pawn_Melee_MechanoidSlash_Miss</soundMeleeMiss>
         <hediffGiverSets>
		 <li>Human</li>
		 <li>OrganicStandard</li>
		 <li>DrakePassiveNormal</li>
         </hediffGiverSets>
      </race>
		<tools>
            <li>
                <label>Left Spade</label>
                <capacities>
                    <li>Cut</li>
                </capacities>
                <power>14</power>
                <cooldownTime>1.3</cooldownTime>
                <linkedBodyPartsGroup>leftspade</linkedBodyPartsGroup>
                <surpriseAttack>
                    <extraMeleeDamages>
                        <li>
                            <def>Stun</def>
                            <amount>14</amount>
                        </li>
                    </extraMeleeDamages>
                </surpriseAttack>
            </li>
            <li>
                <label>Right Spade</label>
                <capacities>
                    <li>Cut</li>
                </capacities>
                <power>14</power>
                <cooldownTime>1.3</cooldownTime>
                <linkedBodyPartsGroup>rightspade</linkedBodyPartsGroup>
                <surpriseAttack>
                    <extraMeleeDamages>
                        <li>
                            <def>Stun</def>
                            <amount>14</amount>
                        </li>
                    </extraMeleeDamages>
                </surpriseAttack>
            </li>
			<li>
                <label>Middle Spade</label>
                <capacities>
                    <li>Cut</li>
                </capacities>
                <power>14</power>
                <cooldownTime>1.1</cooldownTime>
                <linkedBodyPartsGroup>middlespade</linkedBodyPartsGroup>
                <surpriseAttack>
                    <extraMeleeDamages>
                        <li>
                            <def>Stun</def>
                            <amount>14</amount>
                        </li>
                    </extraMeleeDamages>
                </surpriseAttack>
            </li>
            <li>
                <capacities>
                    <li>Bite</li>
                </capacities>
                <power>15</power>
                <cooldownTime>2</cooldownTime>
                <linkedBodyPartsGroup>Teeth</linkedBodyPartsGroup>
                <chanceFactor>0.1</chanceFactor>
            </li>
            <li>
                <label>head</label>
                <capacities>
                    <li>Blunt</li>
                </capacities>
                <power>5</power>
                <cooldownTime>0.5</cooldownTime>
                <linkedBodyPartsGroup>HeadAttackTool</linkedBodyPartsGroup>
                <chanceFactor>0.2</chanceFactor>
            </li>
			<li>
                <label>Right Spade</label>
                <capacities>
                    <li>Scratch</li>
                </capacities>
                <power>3</power>
                <cooldownTime>0.5</cooldownTime>
                <linkedBodyPartsGroup>rightspade</linkedBodyPartsGroup>
                <surpriseAttack>
                    <extraMeleeDamages>
                        <li>
                            <amount>5</amount>
                        </li>
                    </extraMeleeDamages>
                </surpriseAttack>
            </li>
			<li>
                <label>Left Spade</label>
                <capacities>
                    <li>Scratch</li>
                </capacities>
                <power>3</power>
                <cooldownTime>0.5</cooldownTime>
                <linkedBodyPartsGroup>rightspade</linkedBodyPartsGroup>
                <surpriseAttack>
                    <extraMeleeDamages>
                        <li>
                            <amount>5</amount>
                        </li>
                    </extraMeleeDamages>
                </surpriseAttack>
            </li>
			<li>
                <label>Middle Spade</label>
                <capacities>
                    <li>Scratch</li>
                </capacities>
                <power>3</power>
                <cooldownTime>0.5</cooldownTime>
                <linkedBodyPartsGroup>rightspade</linkedBodyPartsGroup>
                <surpriseAttack>
                    <extraMeleeDamages>
                        <li>
                            <amount>5</amount>
                        </li>
                    </extraMeleeDamages>
                </surpriseAttack>
            </li>
        </tools>
   </AlienRace.thingDef_AlienRace>
   <AlienRace.RaceSettings>
		<defName>racedrakesettings</defName>
		<pawnKindSettings>
			<alienslavekinds>
				<li>
					<kindDefs>
						<li>DrakeTribe</li>
					</kindDefs>
					<chance>10.0</chance>
				</li>
			</alienslavekinds>
			<alienrefugeekinds>
				<li>
					<kindDefs>
						<li>DrakeTribe</li>
					</kindDefs>
					<chance>10.0</chance>
				</li>
			</alienrefugeekinds>
			<startingColonists>
				<li>
					<pawnKindEntries>
						<li>
							<kindDefs>
								<li>DrakeTribe</li>
							</kindDefs>
							<chance>100.0</chance>
						</li>
					</pawnKindEntries>
					<factionDefs>
						<li>PlayerColony</li> 
					</factionDefs>
				</li>
				<li>
					<pawnKindEntries>
						<li>
							<kindDefs>
								<li>DrakeTribe</li>
							</kindDefs>
							<chance>5.0</chance>
						</li>
					</pawnKindEntries>
					<factionDefs>
						<li>PlayerColony</li> 
					</factionDefs>
				</li>
			</startingColonists>
			<alienwandererkinds>
				<li>
					<pawnKindEntries>
						<li>
							<kindDefs>
								<li>DrakeTribe</li>
							</kindDefs>
							<chance>10.0</chance>
						</li>
					</pawnKindEntries>
					<factionDefs>
						<li>playerdrakecolony</li> 
					</factionDefs>
				</li>
				<li>
					<pawnKindEntries>
						<li>
							<kindDefs>
								<li>DrakeTribe</li>
							</kindDefs>
							<chance>10.0</chance>
						</li>
					</pawnKindEntries>
					<factionDefs>
						<li>PlayerTribe</li> 
					</factionDefs>
				</li>
				<li>
					<pawnKindEntries>
						<li>
							<kindDefs>
								<li>DrakeTribe</li>
							</kindDefs>
							<chance>5.0</chance>
						</li>
					</pawnKindEntries>
					<factionDefs>
						<li>PlayerColony</li> 
					</factionDefs>
				</li>
			</alienwandererkinds>
		</pawnKindSettings>
	</AlienRace.RaceSettings>
	
</Defs>
